Date;Time;IP;Account URL;Visited URL
2022-01-22;13:17:33;51.133.95.112;https://example.com/user17;https://example.com/user01
2022-01-25;15:19:15;51.177.15.100;https://example.com/user12;https://example.com/user14
2022-01-23;15:00:23;51.133.95.187;https://example.com/user14;https://example.com/user12
2022-01-25;21:19:02;51.133.95.144;https://example.com/user01;https://example.com/user03
2022-01-24;11:17:45;51.133.95.177;https://example.com/user12;https://example.com/user03
2022-01-22;17:30:55;51.188.95.135;https://example.com/user08;https://example.com/user20
2022-01-23;11:15:11;51.133.95.109;https://example.com/user20;https://example.com/user08
2022-01-25;16:59:52;51.133.95.105;https://example.com/user09;https://example.com/user14
2022-01-21;10:04:17;51.133.95.112;https://example.com/user03;https://example.com/user09
2022-01-21;11:45:45;51.133.95.199;https://example.com/user01;https://example.com/user05
2022-01-24;9:13:57;51.133.95.101;https://example.com/user05;https://example.com/user03
2022-01-22;11:19:02;51.133.95.187;https://example.com/user14;https://example.com/user17
2022-01-21;19:14:14;51.133.95.112;https://example.com/user03;https://example.com/user14
